{
    "OSA": {
        "CENTER": [
            0,
            0
        ],
        "RECT": [
            -1250,
            500,
            1250,
            -5500
        ]
    },
    "OSA_AMBIENT": {
        "CENTER": [
            752.0579577241338,
            -1997.4087980034396
        ],
        "RECT": [
            -497.94204227586874,
            1002.5912019965515,
            2002.0579577241363,
            -4997.408798003431
        ]
    },
    "OSA_CRYO": {
        "CENTER": [
            -1187.5421670895232,
            -1000.5925262721269
        ],
        "RECT": [
            -4187.5421670895175,
            249.5951432086572,
            1812.457832910471,
            -2250.780195752911
        ]
    },
    "SAMPLE_GONI": {
        "CENTER": [
            320.4466858789624,
            -651.6853932584269
        ],
        "RADIUS": 1000,
        "RECT": [
            -494.5533141210376,
            -511.68539325842687,
            1135.4466858789624,
            -791.6853932584269
        ]
    },
    "SAMPLE_STANDARD": {
        "CENTER": [
            -2550.3974645796065,
            2707.6956184038504
        ],
        "RADIUS": 1000,
        "RECT": [
            -3365.3974645796065,
            2847.6956184038504,
            -1735.3974645796065,
            2567.6956184038504
        ]
    },
    "SMPL_HLDR": {
        "CENTER": [
            0,
            2500.0
        ],
        "RADIUS": 1000,
        "RECT": [
            -7000,
            7000,
            7000,
            -2000
        ]
    },
    "fpath": "/mnt/srv-unix-home/sm-user/git_sandbox/branches/40/pyStxm/cls/plotWidgets/amb_bl10ID1_settings.json"
}