{
    "OSA": {
        "CENTER": [
            0,
            0
        ],
        "RECT": [
            -1250,
            500,
            1250,
            -5500
        ]
    },
    "OSA_AMBIENT": {
        "CENTER": [
            -751.771980942837,
            -2501.8349350484177
        ],
        "RECT": [
            -2001.7719809428395,
            498.16506495157427,
            498.2280190571655,
            -5501.8349350484095
        ]
    },
    "OSA_CRYO": {
        "CENTER": [
            -1187.5421670895232,
            -1000.5925262721269
        ],
        "RECT": [
            -4187.5421670895175,
            249.5951432086572,
            1812.457832910471,
            -2250.780195752911
        ]
    },
    "SAMPLE_GONI": {
        "CENTER": [
            320.4466858789624,
            -651.6853932584269
        ],
        "RADIUS": 1000,
        "RECT": [
            -494.5533141210376,
            -511.68539325842687,
            1135.4466858789624,
            -791.6853932584269
        ]
    },
    "SAMPLE_STANDARD": {
        "CENTER": [
            -2550.3974645796065,
            2707.6956184038504
        ],
        "RADIUS": 1000,
        "RECT": [
            -3365.3974645796065,
            2847.6956184038504,
            -1735.3974645796065,
            2567.6956184038504
        ]
    },
    "SMPL_HLDR": {
        "CENTER": [
            0,
            2500.0
        ],
        "RADIUS": 1000,
        "RECT": [
            -7000,
            7000,
            7000,
            -2000
        ]
    },
    "fpath": "C:\\controls\\git_sandbox\\branches\\pystxm\\zeromq_testing\\pyStxm3\\cls\\plotWidgets\\amb_bl10ID1_settings.json"
}