{
    "OSA": {
        "CENTER": [
            0,
            0
        ],
        "RECT": [
            -1250,
            500,
            1250,
            -5500
        ]
    },
    "OSA_AMBIENT": {
        "CENTER": [
            -1247.7022682879685,
            -1595.9402372900463
        ],
        "RECT": [
            -2497.7022682879715,
            1404.0597627099448,
            2.2977317120344196,
            -4595.940237290038
        ]
    },
    "OSA_CRYO": {
        "CENTER": [
            -1176.2002924264427,
            -1000.5925262721269
        ],
        "RECT": [
            -4176.200292426437,
            249.5951432086572,
            1823.7997075735516,
            -2250.780195752911
        ]
    },
    "PATTERN": {
        "CENTER": [
            0.3809155968510787,
            1.1847353470144704
        ]
    },
    "SAMPLE_GONI": {
        "CENTER": [
            153.8807954117574,
            234.62851931936183
        ],
        "RADIUS": 1000,
        "RECT": [
            -1346.1192045882426,
            834.6285193193618,
            1653.8807954117574,
            -365.3714806806381
        ]
    },
    "SAMPLE_STANDARD": {
        "CENTER": [
            -2550.3974645796065,
            2707.6956184038504
        ],
        "RADIUS": 1000,
        "RECT": [
            -3365.3974645796065,
            2847.6956184038504,
            -1735.3974645796065,
            2567.6956184038504
        ]
    },
    "SMPL_HLDR": {
        "CENTER": [
            0,
            2500.0
        ],
        "RADIUS": 1000,
        "RECT": [
            -7000,
            7000,
            7000,
            -2000
        ]
    },
    "fpath": "C:\\controls\\sandbox\\branches\\xx\\pyStxm3\\cls\\plotWidgets\\settings.json"
}